x	y	label	showSelected1	group
0.5	-0.05	Bacillus	Bacillus, Bradyrhizobium	34
0.5	-0.05	Bacillus	Bacillus, Burkholderia	35
0.5	-0.05	Bacillus	Bacillus, Cellvibrio	36
0.5	-0.05	Bacillus	Bacillus, Chitinophaga	39
0.5	-0.05	Bacillus	Bacillus, Flavobacterium	41
0.5	-0.05	Bacillus	Bacillus, Gp16	42
0.5	-0.05	Bacillus	Bacillus, Gp6	43
0.5	-0.05	Bacillus	Bacillus, Kaistia	45
0.5	-0.05	Bacillus	Bacillus, Labrys	46
0.5	-0.05	Bacillus	Bacillus, Luteibacter	47
0.5	-0.05	Bacillus	Bacillus, Mucilaginibacter	50
0.5	-0.05	Bacillus	Bacillus, Mycobacterium	52
0.5	-0.05	Bacillus	Bacillus, Paenibacillus	54
0.5	-0.05	Bacillus	Bacillus, Pedobacter	55
0.5	-0.05	Bacillus	Bacillus, Pseudomonas	58
0.5	-0.05	Bacillus	Bacillus, Rhizobium	59
0.5	-0.05	Bacillus	Bacillus, Spartobacteria_genera_incertae_sedis	61
0.5	-0.05	Bacillus	Bacillus, Sphingomonas	62
0.5	-0.05	Bacillus	Bacillus, Absidia	32
0.5	-0.05	Bacillus	Bacillus, Amphinema	33
0.5	-0.05	Bacillus	Bacillus, Cenococcum	37
0.5	-0.05	Bacillus	Bacillus, Chaetomium	38
0.5	-0.05	Bacillus	Bacillus, Cryptococcus	40
0.5	-0.05	Bacillus	Bacillus, Inocybe	44
0.5	-0.05	Bacillus	Bacillus, Metarhizium	48
0.5	-0.05	Bacillus	Bacillus, Mortierella	49
0.5	-0.05	Bacillus	Bacillus, Mucor	51
0.5	-0.05	Bacillus	Bacillus, Ovicillium	53
0.5	-0.05	Bacillus	Bacillus, Penicillium	56
0.5	-0.05	Bacillus	Bacillus, Phialocephala	57
0.5	-0.05	Bacillus	Bacillus, Russula	60
0.5	-0.05	Bacillus	Bacillus, Tomentella	63
0.5	-0.05	Bacillus	Bacillus, Trichoderma	64
0.5	-0.05	Bacillus	Bacillus, Umbelopsis	65
0.5	-0.05	Bacillus	Bacillus, Wilcoxina	66
0.5	-0.05	Bradyrhizobium	Bradyrhizobium, Burkholderia	69
0.5	-0.05	Bradyrhizobium	Bradyrhizobium, Cellvibrio	70
0.5	-0.05	Bradyrhizobium	Bradyrhizobium, Chitinophaga	73
0.5	-0.05	Bradyrhizobium	Bradyrhizobium, Flavobacterium	75
0.5	-0.05	Bradyrhizobium	Bradyrhizobium, Gp16	76
0.5	-0.05	Bradyrhizobium	Bradyrhizobium, Gp6	77
0.5	-0.05	Bradyrhizobium	Bradyrhizobium, Kaistia	79
0.5	-0.05	Bradyrhizobium	Bradyrhizobium, Labrys	80
0.5	-0.05	Bradyrhizobium	Bradyrhizobium, Luteibacter	81
0.5	-0.05	Bradyrhizobium	Bradyrhizobium, Mucilaginibacter	84
0.5	-0.05	Bradyrhizobium	Bradyrhizobium, Mycobacterium	86
0.5	-0.05	Bradyrhizobium	Bradyrhizobium, Paenibacillus	88
0.5	-0.05	Bradyrhizobium	Bradyrhizobium, Pedobacter	89
0.5	-0.05	Bradyrhizobium	Bradyrhizobium, Pseudomonas	92
0.5	-0.05	Bradyrhizobium	Bradyrhizobium, Rhizobium	93
0.5	-0.05	Bradyrhizobium	Bradyrhizobium, Spartobacteria_genera_incertae_sedis	95
0.5	-0.05	Bradyrhizobium	Bradyrhizobium, Sphingomonas	96
0.5	-0.05	Bradyrhizobium	Bradyrhizobium, Absidia	67
0.5	-0.05	Bradyrhizobium	Bradyrhizobium, Amphinema	68
0.5	-0.05	Bradyrhizobium	Bradyrhizobium, Cenococcum	71
0.5	-0.05	Bradyrhizobium	Bradyrhizobium, Chaetomium	72
0.5	-0.05	Bradyrhizobium	Bradyrhizobium, Cryptococcus	74
0.5	-0.05	Bradyrhizobium	Bradyrhizobium, Inocybe	78
0.5	-0.05	Bradyrhizobium	Bradyrhizobium, Metarhizium	82
0.5	-0.05	Bradyrhizobium	Bradyrhizobium, Mortierella	83
0.5	-0.05	Bradyrhizobium	Bradyrhizobium, Mucor	85
0.5	-0.05	Bradyrhizobium	Bradyrhizobium, Ovicillium	87
0.5	-0.05	Bradyrhizobium	Bradyrhizobium, Penicillium	90
0.5	-0.05	Bradyrhizobium	Bradyrhizobium, Phialocephala	91
0.5	-0.05	Bradyrhizobium	Bradyrhizobium, Russula	94
0.5	-0.05	Bradyrhizobium	Bradyrhizobium, Tomentella	97
0.5	-0.05	Bradyrhizobium	Bradyrhizobium, Trichoderma	98
0.5	-0.05	Bradyrhizobium	Bradyrhizobium, Umbelopsis	99
0.5	-0.05	Bradyrhizobium	Bradyrhizobium, Wilcoxina	100
0.5	-0.05	Burkholderia	Burkholderia, Cellvibrio	103
0.5	-0.05	Burkholderia	Burkholderia, Chitinophaga	106
0.5	-0.05	Burkholderia	Burkholderia, Flavobacterium	108
0.5	-0.05	Burkholderia	Burkholderia, Gp16	109
0.5	-0.05	Burkholderia	Burkholderia, Gp6	110
0.5	-0.05	Burkholderia	Burkholderia, Kaistia	112
0.5	-0.05	Burkholderia	Burkholderia, Labrys	113
0.5	-0.05	Burkholderia	Burkholderia, Luteibacter	114
0.5	-0.05	Burkholderia	Burkholderia, Mucilaginibacter	117
0.5	-0.05	Burkholderia	Burkholderia, Mycobacterium	119
0.5	-0.05	Burkholderia	Burkholderia, Paenibacillus	121
0.5	-0.05	Burkholderia	Burkholderia, Pedobacter	122
0.5	-0.05	Burkholderia	Burkholderia, Pseudomonas	125
0.5	-0.05	Burkholderia	Burkholderia, Rhizobium	126
0.5	-0.05	Burkholderia	Burkholderia, Spartobacteria_genera_incertae_sedis	128
0.5	-0.05	Burkholderia	Burkholderia, Sphingomonas	129
0.5	-0.05	Burkholderia	Burkholderia, Absidia	101
0.5	-0.05	Burkholderia	Burkholderia, Amphinema	102
0.5	-0.05	Burkholderia	Burkholderia, Cenococcum	104
0.5	-0.05	Burkholderia	Burkholderia, Chaetomium	105
0.5	-0.05	Burkholderia	Burkholderia, Cryptococcus	107
0.5	-0.05	Burkholderia	Burkholderia, Inocybe	111
0.5	-0.05	Burkholderia	Burkholderia, Metarhizium	115
0.5	-0.05	Burkholderia	Burkholderia, Mortierella	116
0.5	-0.05	Burkholderia	Burkholderia, Mucor	118
0.5	-0.05	Burkholderia	Burkholderia, Ovicillium	120
0.5	-0.05	Burkholderia	Burkholderia, Penicillium	123
0.5	-0.05	Burkholderia	Burkholderia, Phialocephala	124
0.5	-0.05	Burkholderia	Burkholderia, Russula	127
0.5	-0.05	Burkholderia	Burkholderia, Tomentella	130
0.5	-0.05	Burkholderia	Burkholderia, Trichoderma	131
0.5	-0.05	Burkholderia	Burkholderia, Umbelopsis	132
0.5	-0.05	Burkholderia	Burkholderia, Wilcoxina	133
0.5	-0.05	Cellvibrio	Cellvibrio, Chitinophaga	138
0.5	-0.05	Cellvibrio	Cellvibrio, Flavobacterium	140
0.5	-0.05	Cellvibrio	Cellvibrio, Gp16	141
0.5	-0.05	Cellvibrio	Cellvibrio, Gp6	142
0.5	-0.05	Cellvibrio	Cellvibrio, Kaistia	144
0.5	-0.05	Cellvibrio	Cellvibrio, Labrys	145
0.5	-0.05	Cellvibrio	Cellvibrio, Luteibacter	146
0.5	-0.05	Cellvibrio	Cellvibrio, Mucilaginibacter	149
0.5	-0.05	Cellvibrio	Cellvibrio, Mycobacterium	151
0.5	-0.05	Cellvibrio	Cellvibrio, Paenibacillus	153
0.5	-0.05	Cellvibrio	Cellvibrio, Pedobacter	154
0.5	-0.05	Cellvibrio	Cellvibrio, Pseudomonas	157
0.5	-0.05	Cellvibrio	Cellvibrio, Rhizobium	158
0.5	-0.05	Cellvibrio	Cellvibrio, Spartobacteria_genera_incertae_sedis	160
0.5	-0.05	Cellvibrio	Cellvibrio, Sphingomonas	161
0.5	-0.05	Cellvibrio	Cellvibrio, Absidia	134
0.5	-0.05	Cellvibrio	Cellvibrio, Amphinema	135
0.5	-0.05	Cellvibrio	Cellvibrio, Cenococcum	136
0.5	-0.05	Cellvibrio	Cellvibrio, Chaetomium	137
0.5	-0.05	Cellvibrio	Cellvibrio, Cryptococcus	139
0.5	-0.05	Cellvibrio	Cellvibrio, Inocybe	143
0.5	-0.05	Cellvibrio	Cellvibrio, Metarhizium	147
0.5	-0.05	Cellvibrio	Cellvibrio, Mortierella	148
0.5	-0.05	Cellvibrio	Cellvibrio, Mucor	150
0.5	-0.05	Cellvibrio	Cellvibrio, Ovicillium	152
0.5	-0.05	Cellvibrio	Cellvibrio, Penicillium	155
0.5	-0.05	Cellvibrio	Cellvibrio, Phialocephala	156
0.5	-0.05	Cellvibrio	Cellvibrio, Russula	159
0.5	-0.05	Cellvibrio	Cellvibrio, Tomentella	162
0.5	-0.05	Cellvibrio	Cellvibrio, Trichoderma	163
0.5	-0.05	Cellvibrio	Cellvibrio, Umbelopsis	164
0.5	-0.05	Cellvibrio	Cellvibrio, Wilcoxina	165
0.5	-0.05	Chitinophaga	Chitinophaga, Flavobacterium	198
0.5	-0.05	Chitinophaga	Chitinophaga, Gp16	199
0.5	-0.05	Chitinophaga	Chitinophaga, Gp6	200
0.5	-0.05	Chitinophaga	Chitinophaga, Kaistia	202
0.5	-0.05	Chitinophaga	Chitinophaga, Labrys	203
0.5	-0.05	Chitinophaga	Chitinophaga, Luteibacter	204
0.5	-0.05	Chitinophaga	Chitinophaga, Mucilaginibacter	207
0.5	-0.05	Chitinophaga	Chitinophaga, Mycobacterium	209
0.5	-0.05	Chitinophaga	Chitinophaga, Paenibacillus	211
0.5	-0.05	Chitinophaga	Chitinophaga, Pedobacter	212
0.5	-0.05	Chitinophaga	Chitinophaga, Pseudomonas	215
0.5	-0.05	Chitinophaga	Chitinophaga, Rhizobium	216
0.5	-0.05	Chitinophaga	Chitinophaga, Spartobacteria_genera_incertae_sedis	218
0.5	-0.05	Chitinophaga	Chitinophaga, Sphingomonas	219
0.5	-0.05	Chitinophaga	Chitinophaga, Absidia	193
0.5	-0.05	Chitinophaga	Chitinophaga, Amphinema	194
0.5	-0.05	Chitinophaga	Chitinophaga, Cenococcum	195
0.5	-0.05	Chitinophaga	Chitinophaga, Chaetomium	196
0.5	-0.05	Chitinophaga	Chitinophaga, Cryptococcus	197
0.5	-0.05	Chitinophaga	Chitinophaga, Inocybe	201
0.5	-0.05	Chitinophaga	Chitinophaga, Metarhizium	205
0.5	-0.05	Chitinophaga	Chitinophaga, Mortierella	206
0.5	-0.05	Chitinophaga	Chitinophaga, Mucor	208
0.5	-0.05	Chitinophaga	Chitinophaga, Ovicillium	210
0.5	-0.05	Chitinophaga	Chitinophaga, Penicillium	213
0.5	-0.05	Chitinophaga	Chitinophaga, Phialocephala	214
0.5	-0.05	Chitinophaga	Chitinophaga, Russula	217
0.5	-0.05	Chitinophaga	Chitinophaga, Tomentella	220
0.5	-0.05	Chitinophaga	Chitinophaga, Trichoderma	221
0.5	-0.05	Chitinophaga	Chitinophaga, Umbelopsis	222
0.5	-0.05	Chitinophaga	Chitinophaga, Wilcoxina	223
0.5	-0.05	Flavobacterium	Flavobacterium, Gp16	241
0.5	-0.05	Flavobacterium	Flavobacterium, Gp6	242
0.5	-0.05	Flavobacterium	Flavobacterium, Kaistia	244
0.5	-0.05	Flavobacterium	Flavobacterium, Labrys	245
0.5	-0.05	Flavobacterium	Flavobacterium, Luteibacter	246
0.5	-0.05	Flavobacterium	Flavobacterium, Mucilaginibacter	249
0.5	-0.05	Flavobacterium	Flavobacterium, Mycobacterium	251
0.5	-0.05	Flavobacterium	Flavobacterium, Paenibacillus	253
0.5	-0.05	Flavobacterium	Flavobacterium, Pedobacter	254
0.5	-0.05	Flavobacterium	Flavobacterium, Pseudomonas	257
0.5	-0.05	Flavobacterium	Flavobacterium, Rhizobium	258
0.5	-0.05	Flavobacterium	Flavobacterium, Spartobacteria_genera_incertae_sedis	260
0.5	-0.05	Flavobacterium	Flavobacterium, Sphingomonas	261
0.5	-0.05	Flavobacterium	Flavobacterium, Absidia	236
0.5	-0.05	Flavobacterium	Flavobacterium, Amphinema	237
0.5	-0.05	Flavobacterium	Flavobacterium, Cenococcum	238
0.5	-0.05	Flavobacterium	Flavobacterium, Chaetomium	239
0.5	-0.05	Flavobacterium	Flavobacterium, Cryptococcus	240
0.5	-0.05	Flavobacterium	Flavobacterium, Inocybe	243
0.5	-0.05	Flavobacterium	Flavobacterium, Metarhizium	247
0.5	-0.05	Flavobacterium	Flavobacterium, Mortierella	248
0.5	-0.05	Flavobacterium	Flavobacterium, Mucor	250
0.5	-0.05	Flavobacterium	Flavobacterium, Ovicillium	252
0.5	-0.05	Flavobacterium	Flavobacterium, Penicillium	255
0.5	-0.05	Flavobacterium	Flavobacterium, Phialocephala	256
0.5	-0.05	Flavobacterium	Flavobacterium, Russula	259
0.5	-0.05	Flavobacterium	Flavobacterium, Tomentella	262
0.5	-0.05	Flavobacterium	Flavobacterium, Trichoderma	263
0.5	-0.05	Flavobacterium	Flavobacterium, Umbelopsis	264
0.5	-0.05	Flavobacterium	Flavobacterium, Wilcoxina	265
0.5	-0.05	Gp16	Gp16, Gp6	271
0.5	-0.05	Gp16	Gp16, Kaistia	273
0.5	-0.05	Gp16	Gp16, Labrys	274
0.5	-0.05	Gp16	Gp16, Luteibacter	275
0.5	-0.05	Gp16	Gp16, Mucilaginibacter	278
0.5	-0.05	Gp16	Gp16, Mycobacterium	280
0.5	-0.05	Gp16	Gp16, Paenibacillus	282
0.5	-0.05	Gp16	Gp16, Pedobacter	283
0.5	-0.05	Gp16	Gp16, Pseudomonas	286
0.5	-0.05	Gp16	Gp16, Rhizobium	287
0.5	-0.05	Gp16	Gp16, Spartobacteria_genera_incertae_sedis	289
0.5	-0.05	Gp16	Gp16, Sphingomonas	290
0.5	-0.05	Gp16	Gp16, Absidia	266
0.5	-0.05	Gp16	Gp16, Amphinema	267
0.5	-0.05	Gp16	Gp16, Cenococcum	268
0.5	-0.05	Gp16	Gp16, Chaetomium	269
0.5	-0.05	Gp16	Gp16, Cryptococcus	270
0.5	-0.05	Gp16	Gp16, Inocybe	272
0.5	-0.05	Gp16	Gp16, Metarhizium	276
0.5	-0.05	Gp16	Gp16, Mortierella	277
0.5	-0.05	Gp16	Gp16, Mucor	279
0.5	-0.05	Gp16	Gp16, Ovicillium	281
0.5	-0.05	Gp16	Gp16, Penicillium	284
0.5	-0.05	Gp16	Gp16, Phialocephala	285
0.5	-0.05	Gp16	Gp16, Russula	288
0.5	-0.05	Gp16	Gp16, Tomentella	291
0.5	-0.05	Gp16	Gp16, Trichoderma	292
0.5	-0.05	Gp16	Gp16, Umbelopsis	293
0.5	-0.05	Gp16	Gp16, Wilcoxina	294
0.5	-0.05	Gp6	Gp6, Kaistia	301
0.5	-0.05	Gp6	Gp6, Labrys	302
0.5	-0.05	Gp6	Gp6, Luteibacter	303
0.5	-0.05	Gp6	Gp6, Mucilaginibacter	306
0.5	-0.05	Gp6	Gp6, Mycobacterium	308
0.5	-0.05	Gp6	Gp6, Paenibacillus	310
0.5	-0.05	Gp6	Gp6, Pedobacter	311
0.5	-0.05	Gp6	Gp6, Pseudomonas	314
0.5	-0.05	Gp6	Gp6, Rhizobium	315
0.5	-0.05	Gp6	Gp6, Spartobacteria_genera_incertae_sedis	317
0.5	-0.05	Gp6	Gp6, Sphingomonas	318
0.5	-0.05	Gp6	Gp6, Absidia	295
0.5	-0.05	Gp6	Gp6, Amphinema	296
0.5	-0.05	Gp6	Gp6, Cenococcum	297
0.5	-0.05	Gp6	Gp6, Chaetomium	298
0.5	-0.05	Gp6	Gp6, Cryptococcus	299
0.5	-0.05	Gp6	Gp6, Inocybe	300
0.5	-0.05	Gp6	Gp6, Metarhizium	304
0.5	-0.05	Gp6	Gp6, Mortierella	305
0.5	-0.05	Gp6	Gp6, Mucor	307
0.5	-0.05	Gp6	Gp6, Ovicillium	309
0.5	-0.05	Gp6	Gp6, Penicillium	312
0.5	-0.05	Gp6	Gp6, Phialocephala	313
0.5	-0.05	Gp6	Gp6, Russula	316
0.5	-0.05	Gp6	Gp6, Tomentella	319
0.5	-0.05	Gp6	Gp6, Trichoderma	320
0.5	-0.05	Gp6	Gp6, Umbelopsis	321
0.5	-0.05	Gp6	Gp6, Wilcoxina	322
0.5	-0.05	Kaistia	Kaistia, Labrys	340
0.5	-0.05	Kaistia	Kaistia, Luteibacter	341
0.5	-0.05	Kaistia	Kaistia, Mucilaginibacter	344
0.5	-0.05	Kaistia	Kaistia, Mycobacterium	346
0.5	-0.05	Kaistia	Kaistia, Paenibacillus	348
0.5	-0.05	Kaistia	Kaistia, Pedobacter	349
0.5	-0.05	Kaistia	Kaistia, Pseudomonas	352
0.5	-0.05	Kaistia	Kaistia, Rhizobium	353
0.5	-0.05	Kaistia	Kaistia, Spartobacteria_genera_incertae_sedis	355
0.5	-0.05	Kaistia	Kaistia, Sphingomonas	356
0.5	-0.05	Kaistia	Kaistia, Absidia	334
0.5	-0.05	Kaistia	Kaistia, Amphinema	335
0.5	-0.05	Kaistia	Kaistia, Cenococcum	336
0.5	-0.05	Kaistia	Kaistia, Chaetomium	337
0.5	-0.05	Kaistia	Kaistia, Cryptococcus	338
0.5	-0.05	Kaistia	Kaistia, Inocybe	339
0.5	-0.05	Kaistia	Kaistia, Metarhizium	342
0.5	-0.05	Kaistia	Kaistia, Mortierella	343
0.5	-0.05	Kaistia	Kaistia, Mucor	345
0.5	-0.05	Kaistia	Kaistia, Ovicillium	347
0.5	-0.05	Kaistia	Kaistia, Penicillium	350
0.5	-0.05	Kaistia	Kaistia, Phialocephala	351
0.5	-0.05	Kaistia	Kaistia, Russula	354
0.5	-0.05	Kaistia	Kaistia, Tomentella	357
0.5	-0.05	Kaistia	Kaistia, Trichoderma	358
0.5	-0.05	Kaistia	Kaistia, Umbelopsis	359
0.5	-0.05	Kaistia	Kaistia, Wilcoxina	360
0.5	-0.05	Labrys	Labrys, Luteibacter	367
0.5	-0.05	Labrys	Labrys, Mucilaginibacter	370
0.5	-0.05	Labrys	Labrys, Mycobacterium	372
0.5	-0.05	Labrys	Labrys, Paenibacillus	374
0.5	-0.05	Labrys	Labrys, Pedobacter	375
0.5	-0.05	Labrys	Labrys, Pseudomonas	378
0.5	-0.05	Labrys	Labrys, Rhizobium	379
0.5	-0.05	Labrys	Labrys, Spartobacteria_genera_incertae_sedis	381
0.5	-0.05	Labrys	Labrys, Sphingomonas	382
0.5	-0.05	Labrys	Labrys, Absidia	361
0.5	-0.05	Labrys	Labrys, Amphinema	362
0.5	-0.05	Labrys	Labrys, Cenococcum	363
0.5	-0.05	Labrys	Labrys, Chaetomium	364
0.5	-0.05	Labrys	Labrys, Cryptococcus	365
0.5	-0.05	Labrys	Labrys, Inocybe	366
0.5	-0.05	Labrys	Labrys, Metarhizium	368
0.5	-0.05	Labrys	Labrys, Mortierella	369
0.5	-0.05	Labrys	Labrys, Mucor	371
0.5	-0.05	Labrys	Labrys, Ovicillium	373
0.5	-0.05	Labrys	Labrys, Penicillium	376
0.5	-0.05	Labrys	Labrys, Phialocephala	377
0.5	-0.05	Labrys	Labrys, Russula	380
0.5	-0.05	Labrys	Labrys, Tomentella	383
0.5	-0.05	Labrys	Labrys, Trichoderma	384
0.5	-0.05	Labrys	Labrys, Umbelopsis	385
0.5	-0.05	Labrys	Labrys, Wilcoxina	386
0.5	-0.05	Luteibacter	Luteibacter, Mucilaginibacter	395
0.5	-0.05	Luteibacter	Luteibacter, Mycobacterium	397
0.5	-0.05	Luteibacter	Luteibacter, Paenibacillus	399
0.5	-0.05	Luteibacter	Luteibacter, Pedobacter	400
0.5	-0.05	Luteibacter	Luteibacter, Pseudomonas	403
0.5	-0.05	Luteibacter	Luteibacter, Rhizobium	404
0.5	-0.05	Luteibacter	Luteibacter, Spartobacteria_genera_incertae_sedis	406
0.5	-0.05	Luteibacter	Luteibacter, Sphingomonas	407
0.5	-0.05	Luteibacter	Luteibacter, Absidia	387
0.5	-0.05	Luteibacter	Luteibacter, Amphinema	388
0.5	-0.05	Luteibacter	Luteibacter, Cenococcum	389
0.5	-0.05	Luteibacter	Luteibacter, Chaetomium	390
0.5	-0.05	Luteibacter	Luteibacter, Cryptococcus	391
0.5	-0.05	Luteibacter	Luteibacter, Inocybe	392
0.5	-0.05	Luteibacter	Luteibacter, Metarhizium	393
0.5	-0.05	Luteibacter	Luteibacter, Mortierella	394
0.5	-0.05	Luteibacter	Luteibacter, Mucor	396
0.5	-0.05	Luteibacter	Luteibacter, Ovicillium	398
0.5	-0.05	Luteibacter	Luteibacter, Penicillium	401
0.5	-0.05	Luteibacter	Luteibacter, Phialocephala	402
0.5	-0.05	Luteibacter	Luteibacter, Russula	405
0.5	-0.05	Luteibacter	Luteibacter, Tomentella	408
0.5	-0.05	Luteibacter	Luteibacter, Trichoderma	409
0.5	-0.05	Luteibacter	Luteibacter, Umbelopsis	410
0.5	-0.05	Luteibacter	Luteibacter, Wilcoxina	411
0.5	-0.05	Mucilaginibacter	Mucilaginibacter, Mycobacterium	440
0.5	-0.05	Mucilaginibacter	Mucilaginibacter, Paenibacillus	442
0.5	-0.05	Mucilaginibacter	Mucilaginibacter, Pedobacter	443
0.5	-0.05	Mucilaginibacter	Mucilaginibacter, Pseudomonas	446
0.5	-0.05	Mucilaginibacter	Mucilaginibacter, Rhizobium	447
0.5	-0.05	Mucilaginibacter	Mucilaginibacter, Spartobacteria_genera_incertae_sedis	449
0.5	-0.05	Mucilaginibacter	Mucilaginibacter, Sphingomonas	450
0.5	-0.05	Mucilaginibacter	Mucilaginibacter, Absidia	431
0.5	-0.05	Mucilaginibacter	Mucilaginibacter, Amphinema	432
0.5	-0.05	Mucilaginibacter	Mucilaginibacter, Cenococcum	433
0.5	-0.05	Mucilaginibacter	Mucilaginibacter, Chaetomium	434
0.5	-0.05	Mucilaginibacter	Mucilaginibacter, Cryptococcus	435
0.5	-0.05	Mucilaginibacter	Mucilaginibacter, Inocybe	436
0.5	-0.05	Mucilaginibacter	Mucilaginibacter, Metarhizium	437
0.5	-0.05	Mucilaginibacter	Mucilaginibacter, Mortierella	438
0.5	-0.05	Mucilaginibacter	Mucilaginibacter, Mucor	439
0.5	-0.05	Mucilaginibacter	Mucilaginibacter, Ovicillium	441
0.5	-0.05	Mucilaginibacter	Mucilaginibacter, Penicillium	444
0.5	-0.05	Mucilaginibacter	Mucilaginibacter, Phialocephala	445
0.5	-0.05	Mucilaginibacter	Mucilaginibacter, Russula	448
0.5	-0.05	Mucilaginibacter	Mucilaginibacter, Tomentella	451
0.5	-0.05	Mucilaginibacter	Mucilaginibacter, Trichoderma	452
0.5	-0.05	Mucilaginibacter	Mucilaginibacter, Umbelopsis	453
0.5	-0.05	Mucilaginibacter	Mucilaginibacter, Wilcoxina	454
0.5	-0.05	Mycobacterium	Mycobacterium, Paenibacillus	473
0.5	-0.05	Mycobacterium	Mycobacterium, Pedobacter	474
0.5	-0.05	Mycobacterium	Mycobacterium, Pseudomonas	477
0.5	-0.05	Mycobacterium	Mycobacterium, Rhizobium	478
0.5	-0.05	Mycobacterium	Mycobacterium, Spartobacteria_genera_incertae_sedis	480
0.5	-0.05	Mycobacterium	Mycobacterium, Sphingomonas	481
0.5	-0.05	Mycobacterium	Mycobacterium, Absidia	463
0.5	-0.05	Mycobacterium	Mycobacterium, Amphinema	464
0.5	-0.05	Mycobacterium	Mycobacterium, Cenococcum	465
0.5	-0.05	Mycobacterium	Mycobacterium, Chaetomium	466
0.5	-0.05	Mycobacterium	Mycobacterium, Cryptococcus	467
0.5	-0.05	Mycobacterium	Mycobacterium, Inocybe	468
0.5	-0.05	Mycobacterium	Mycobacterium, Metarhizium	469
0.5	-0.05	Mycobacterium	Mycobacterium, Mortierella	470
0.5	-0.05	Mycobacterium	Mycobacterium, Mucor	471
0.5	-0.05	Mycobacterium	Mycobacterium, Ovicillium	472
0.5	-0.05	Mycobacterium	Mycobacterium, Penicillium	475
0.5	-0.05	Mycobacterium	Mycobacterium, Phialocephala	476
0.5	-0.05	Mycobacterium	Mycobacterium, Russula	479
0.5	-0.05	Mycobacterium	Mycobacterium, Tomentella	482
0.5	-0.05	Mycobacterium	Mycobacterium, Trichoderma	483
0.5	-0.05	Mycobacterium	Mycobacterium, Umbelopsis	484
0.5	-0.05	Mycobacterium	Mycobacterium, Wilcoxina	485
0.5	-0.05	Paenibacillus	Paenibacillus, Pedobacter	503
0.5	-0.05	Paenibacillus	Paenibacillus, Pseudomonas	506
0.5	-0.05	Paenibacillus	Paenibacillus, Rhizobium	507
0.5	-0.05	Paenibacillus	Paenibacillus, Spartobacteria_genera_incertae_sedis	509
0.5	-0.05	Paenibacillus	Paenibacillus, Sphingomonas	510
0.5	-0.05	Paenibacillus	Paenibacillus, Absidia	493
0.5	-0.05	Paenibacillus	Paenibacillus, Amphinema	494
0.5	-0.05	Paenibacillus	Paenibacillus, Cenococcum	495
0.5	-0.05	Paenibacillus	Paenibacillus, Chaetomium	496
0.5	-0.05	Paenibacillus	Paenibacillus, Cryptococcus	497
0.5	-0.05	Paenibacillus	Paenibacillus, Inocybe	498
0.5	-0.05	Paenibacillus	Paenibacillus, Metarhizium	499
0.5	-0.05	Paenibacillus	Paenibacillus, Mortierella	500
0.5	-0.05	Paenibacillus	Paenibacillus, Mucor	501
0.5	-0.05	Paenibacillus	Paenibacillus, Ovicillium	502
0.5	-0.05	Paenibacillus	Paenibacillus, Penicillium	504
0.5	-0.05	Paenibacillus	Paenibacillus, Phialocephala	505
0.5	-0.05	Paenibacillus	Paenibacillus, Russula	508
0.5	-0.05	Paenibacillus	Paenibacillus, Tomentella	511
0.5	-0.05	Paenibacillus	Paenibacillus, Trichoderma	512
0.5	-0.05	Paenibacillus	Paenibacillus, Umbelopsis	513
0.5	-0.05	Paenibacillus	Paenibacillus, Wilcoxina	514
0.5	-0.05	Pedobacter	Pedobacter, Pseudomonas	527
0.5	-0.05	Pedobacter	Pedobacter, Rhizobium	528
0.5	-0.05	Pedobacter	Pedobacter, Spartobacteria_genera_incertae_sedis	530
0.5	-0.05	Pedobacter	Pedobacter, Sphingomonas	531
0.5	-0.05	Pedobacter	Pedobacter, Absidia	515
0.5	-0.05	Pedobacter	Pedobacter, Amphinema	516
0.5	-0.05	Pedobacter	Pedobacter, Cenococcum	517
0.5	-0.05	Pedobacter	Pedobacter, Chaetomium	518
0.5	-0.05	Pedobacter	Pedobacter, Cryptococcus	519
0.5	-0.05	Pedobacter	Pedobacter, Inocybe	520
0.5	-0.05	Pedobacter	Pedobacter, Metarhizium	521
0.5	-0.05	Pedobacter	Pedobacter, Mortierella	522
0.5	-0.05	Pedobacter	Pedobacter, Mucor	523
0.5	-0.05	Pedobacter	Pedobacter, Ovicillium	524
0.5	-0.05	Pedobacter	Pedobacter, Penicillium	525
0.5	-0.05	Pedobacter	Pedobacter, Phialocephala	526
0.5	-0.05	Pedobacter	Pedobacter, Russula	529
0.5	-0.05	Pedobacter	Pedobacter, Tomentella	532
0.5	-0.05	Pedobacter	Pedobacter, Trichoderma	533
0.5	-0.05	Pedobacter	Pedobacter, Umbelopsis	534
0.5	-0.05	Pedobacter	Pedobacter, Wilcoxina	535
0.5	-0.05	Pseudomonas	Pseudomonas, Rhizobium	559
0.5	-0.05	Pseudomonas	Pseudomonas, Spartobacteria_genera_incertae_sedis	561
0.5	-0.05	Pseudomonas	Pseudomonas, Sphingomonas	562
0.5	-0.05	Pseudomonas	Pseudomonas, Absidia	547
0.5	-0.05	Pseudomonas	Pseudomonas, Amphinema	548
0.5	-0.05	Pseudomonas	Pseudomonas, Cenococcum	549
0.5	-0.05	Pseudomonas	Pseudomonas, Chaetomium	550
0.5	-0.05	Pseudomonas	Pseudomonas, Cryptococcus	551
0.5	-0.05	Pseudomonas	Pseudomonas, Inocybe	552
0.5	-0.05	Pseudomonas	Pseudomonas, Metarhizium	553
0.5	-0.05	Pseudomonas	Pseudomonas, Mortierella	554
0.5	-0.05	Pseudomonas	Pseudomonas, Mucor	555
0.5	-0.05	Pseudomonas	Pseudomonas, Ovicillium	556
0.5	-0.05	Pseudomonas	Pseudomonas, Penicillium	557
0.5	-0.05	Pseudomonas	Pseudomonas, Phialocephala	558
0.5	-0.05	Pseudomonas	Pseudomonas, Russula	560
0.5	-0.05	Pseudomonas	Pseudomonas, Tomentella	563
0.5	-0.05	Pseudomonas	Pseudomonas, Trichoderma	564
0.5	-0.05	Pseudomonas	Pseudomonas, Umbelopsis	565
0.5	-0.05	Pseudomonas	Pseudomonas, Wilcoxina	566
0.5	-0.05	Rhizobium	Rhizobium, Spartobacteria_genera_incertae_sedis	580
0.5	-0.05	Rhizobium	Rhizobium, Sphingomonas	581
0.5	-0.05	Rhizobium	Rhizobium, Absidia	567
0.5	-0.05	Rhizobium	Rhizobium, Amphinema	568
0.5	-0.05	Rhizobium	Rhizobium, Cenococcum	569
0.5	-0.05	Rhizobium	Rhizobium, Chaetomium	570
0.5	-0.05	Rhizobium	Rhizobium, Cryptococcus	571
0.5	-0.05	Rhizobium	Rhizobium, Inocybe	572
0.5	-0.05	Rhizobium	Rhizobium, Metarhizium	573
0.5	-0.05	Rhizobium	Rhizobium, Mortierella	574
0.5	-0.05	Rhizobium	Rhizobium, Mucor	575
0.5	-0.05	Rhizobium	Rhizobium, Ovicillium	576
0.5	-0.05	Rhizobium	Rhizobium, Penicillium	577
0.5	-0.05	Rhizobium	Rhizobium, Phialocephala	578
0.5	-0.05	Rhizobium	Rhizobium, Russula	579
0.5	-0.05	Rhizobium	Rhizobium, Tomentella	582
0.5	-0.05	Rhizobium	Rhizobium, Trichoderma	583
0.5	-0.05	Rhizobium	Rhizobium, Umbelopsis	584
0.5	-0.05	Rhizobium	Rhizobium, Wilcoxina	585
0.5	-0.05	Spartobacteria_genera_incertae_sedis	Spartobacteria_genera_incertae_sedis, Sphingomonas	603
0.5	-0.05	Spartobacteria_genera_incertae_sedis	Spartobacteria_genera_incertae_sedis, Absidia	590
0.5	-0.05	Spartobacteria_genera_incertae_sedis	Spartobacteria_genera_incertae_sedis, Amphinema	591
0.5	-0.05	Spartobacteria_genera_incertae_sedis	Spartobacteria_genera_incertae_sedis, Cenococcum	592
0.5	-0.05	Spartobacteria_genera_incertae_sedis	Spartobacteria_genera_incertae_sedis, Chaetomium	593
0.5	-0.05	Spartobacteria_genera_incertae_sedis	Spartobacteria_genera_incertae_sedis, Cryptococcus	594
0.5	-0.05	Spartobacteria_genera_incertae_sedis	Spartobacteria_genera_incertae_sedis, Inocybe	595
0.5	-0.05	Spartobacteria_genera_incertae_sedis	Spartobacteria_genera_incertae_sedis, Metarhizium	596
0.5	-0.05	Spartobacteria_genera_incertae_sedis	Spartobacteria_genera_incertae_sedis, Mortierella	597
0.5	-0.05	Spartobacteria_genera_incertae_sedis	Spartobacteria_genera_incertae_sedis, Mucor	598
0.5	-0.05	Spartobacteria_genera_incertae_sedis	Spartobacteria_genera_incertae_sedis, Ovicillium	599
0.5	-0.05	Spartobacteria_genera_incertae_sedis	Spartobacteria_genera_incertae_sedis, Penicillium	600
0.5	-0.05	Spartobacteria_genera_incertae_sedis	Spartobacteria_genera_incertae_sedis, Phialocephala	601
0.5	-0.05	Spartobacteria_genera_incertae_sedis	Spartobacteria_genera_incertae_sedis, Russula	602
0.5	-0.05	Spartobacteria_genera_incertae_sedis	Spartobacteria_genera_incertae_sedis, Tomentella	604
0.5	-0.05	Spartobacteria_genera_incertae_sedis	Spartobacteria_genera_incertae_sedis, Trichoderma	605
0.5	-0.05	Spartobacteria_genera_incertae_sedis	Spartobacteria_genera_incertae_sedis, Umbelopsis	606
0.5	-0.05	Spartobacteria_genera_incertae_sedis	Spartobacteria_genera_incertae_sedis, Wilcoxina	607
0.5	-0.05	Sphingomonas	Sphingomonas, Absidia	608
0.5	-0.05	Sphingomonas	Sphingomonas, Amphinema	609
0.5	-0.05	Sphingomonas	Sphingomonas, Cenococcum	610
0.5	-0.05	Sphingomonas	Sphingomonas, Chaetomium	611
0.5	-0.05	Sphingomonas	Sphingomonas, Cryptococcus	612
0.5	-0.05	Sphingomonas	Sphingomonas, Inocybe	613
0.5	-0.05	Sphingomonas	Sphingomonas, Metarhizium	614
0.5	-0.05	Sphingomonas	Sphingomonas, Mortierella	615
0.5	-0.05	Sphingomonas	Sphingomonas, Mucor	616
0.5	-0.05	Sphingomonas	Sphingomonas, Ovicillium	617
0.5	-0.05	Sphingomonas	Sphingomonas, Penicillium	618
0.5	-0.05	Sphingomonas	Sphingomonas, Phialocephala	619
0.5	-0.05	Sphingomonas	Sphingomonas, Russula	620
0.5	-0.05	Sphingomonas	Sphingomonas, Tomentella	621
0.5	-0.05	Sphingomonas	Sphingomonas, Trichoderma	622
0.5	-0.05	Sphingomonas	Sphingomonas, Umbelopsis	623
0.5	-0.05	Sphingomonas	Sphingomonas, Wilcoxina	624
0.5	-0.05	Absidia	Absidia, Amphinema	1
0.5	-0.05	Absidia	Absidia, Cenococcum	2
0.5	-0.05	Absidia	Absidia, Chaetomium	3
0.5	-0.05	Absidia	Absidia, Cryptococcus	4
0.5	-0.05	Absidia	Absidia, Inocybe	5
0.5	-0.05	Absidia	Absidia, Metarhizium	6
0.5	-0.05	Absidia	Absidia, Mortierella	7
0.5	-0.05	Absidia	Absidia, Mucor	8
0.5	-0.05	Absidia	Absidia, Ovicillium	9
0.5	-0.05	Absidia	Absidia, Penicillium	10
0.5	-0.05	Absidia	Absidia, Phialocephala	11
0.5	-0.05	Absidia	Absidia, Russula	12
0.5	-0.05	Absidia	Absidia, Tomentella	13
0.5	-0.05	Absidia	Absidia, Trichoderma	14
0.5	-0.05	Absidia	Absidia, Umbelopsis	15
0.5	-0.05	Absidia	Absidia, Wilcoxina	16
0.5	-0.05	Amphinema	Amphinema, Cenococcum	17
0.5	-0.05	Amphinema	Amphinema, Chaetomium	18
0.5	-0.05	Amphinema	Amphinema, Cryptococcus	19
0.5	-0.05	Amphinema	Amphinema, Inocybe	20
0.5	-0.05	Amphinema	Amphinema, Metarhizium	21
0.5	-0.05	Amphinema	Amphinema, Mortierella	22
0.5	-0.05	Amphinema	Amphinema, Mucor	23
0.5	-0.05	Amphinema	Amphinema, Ovicillium	24
0.5	-0.05	Amphinema	Amphinema, Penicillium	25
0.5	-0.05	Amphinema	Amphinema, Phialocephala	26
0.5	-0.05	Amphinema	Amphinema, Russula	27
0.5	-0.05	Amphinema	Amphinema, Tomentella	28
0.5	-0.05	Amphinema	Amphinema, Trichoderma	29
0.5	-0.05	Amphinema	Amphinema, Umbelopsis	30
0.5	-0.05	Amphinema	Amphinema, Wilcoxina	31
0.5	-0.05	Cenococcum	Cenococcum, Chaetomium	166
0.5	-0.05	Cenococcum	Cenococcum, Cryptococcus	167
0.5	-0.05	Cenococcum	Cenococcum, Inocybe	168
0.5	-0.05	Cenococcum	Cenococcum, Metarhizium	169
0.5	-0.05	Cenococcum	Cenococcum, Mortierella	170
0.5	-0.05	Cenococcum	Cenococcum, Mucor	171
0.5	-0.05	Cenococcum	Cenococcum, Ovicillium	172
0.5	-0.05	Cenococcum	Cenococcum, Penicillium	173
0.5	-0.05	Cenococcum	Cenococcum, Phialocephala	174
0.5	-0.05	Cenococcum	Cenococcum, Russula	175
0.5	-0.05	Cenococcum	Cenococcum, Tomentella	176
0.5	-0.05	Cenococcum	Cenococcum, Trichoderma	177
0.5	-0.05	Cenococcum	Cenococcum, Umbelopsis	178
0.5	-0.05	Cenococcum	Cenococcum, Wilcoxina	179
0.5	-0.05	Chaetomium	Chaetomium, Cryptococcus	180
0.5	-0.05	Chaetomium	Chaetomium, Inocybe	181
0.5	-0.05	Chaetomium	Chaetomium, Metarhizium	182
0.5	-0.05	Chaetomium	Chaetomium, Mortierella	183
0.5	-0.05	Chaetomium	Chaetomium, Mucor	184
0.5	-0.05	Chaetomium	Chaetomium, Ovicillium	185
0.5	-0.05	Chaetomium	Chaetomium, Penicillium	186
0.5	-0.05	Chaetomium	Chaetomium, Phialocephala	187
0.5	-0.05	Chaetomium	Chaetomium, Russula	188
0.5	-0.05	Chaetomium	Chaetomium, Tomentella	189
0.5	-0.05	Chaetomium	Chaetomium, Trichoderma	190
0.5	-0.05	Chaetomium	Chaetomium, Umbelopsis	191
0.5	-0.05	Chaetomium	Chaetomium, Wilcoxina	192
0.5	-0.05	Cryptococcus	Cryptococcus, Inocybe	224
0.5	-0.05	Cryptococcus	Cryptococcus, Metarhizium	225
0.5	-0.05	Cryptococcus	Cryptococcus, Mortierella	226
0.5	-0.05	Cryptococcus	Cryptococcus, Mucor	227
0.5	-0.05	Cryptococcus	Cryptococcus, Ovicillium	228
0.5	-0.05	Cryptococcus	Cryptococcus, Penicillium	229
0.5	-0.05	Cryptococcus	Cryptococcus, Phialocephala	230
0.5	-0.05	Cryptococcus	Cryptococcus, Russula	231
0.5	-0.05	Cryptococcus	Cryptococcus, Tomentella	232
0.5	-0.05	Cryptococcus	Cryptococcus, Trichoderma	233
0.5	-0.05	Cryptococcus	Cryptococcus, Umbelopsis	234
0.5	-0.05	Cryptococcus	Cryptococcus, Wilcoxina	235
0.5	-0.05	Inocybe	Inocybe, Metarhizium	323
0.5	-0.05	Inocybe	Inocybe, Mortierella	324
0.5	-0.05	Inocybe	Inocybe, Mucor	325
0.5	-0.05	Inocybe	Inocybe, Ovicillium	326
0.5	-0.05	Inocybe	Inocybe, Penicillium	327
0.5	-0.05	Inocybe	Inocybe, Phialocephala	328
0.5	-0.05	Inocybe	Inocybe, Russula	329
0.5	-0.05	Inocybe	Inocybe, Tomentella	330
0.5	-0.05	Inocybe	Inocybe, Trichoderma	331
0.5	-0.05	Inocybe	Inocybe, Umbelopsis	332
0.5	-0.05	Inocybe	Inocybe, Wilcoxina	333
0.5	-0.05	Metarhizium	Metarhizium, Mortierella	412
0.5	-0.05	Metarhizium	Metarhizium, Mucor	413
0.5	-0.05	Metarhizium	Metarhizium, Ovicillium	414
0.5	-0.05	Metarhizium	Metarhizium, Penicillium	415
0.5	-0.05	Metarhizium	Metarhizium, Phialocephala	416
0.5	-0.05	Metarhizium	Metarhizium, Russula	417
0.5	-0.05	Metarhizium	Metarhizium, Tomentella	418
0.5	-0.05	Metarhizium	Metarhizium, Trichoderma	419
0.5	-0.05	Metarhizium	Metarhizium, Umbelopsis	420
0.5	-0.05	Metarhizium	Metarhizium, Wilcoxina	421
0.5	-0.05	Mortierella	Mortierella, Mucor	422
0.5	-0.05	Mortierella	Mortierella, Ovicillium	423
0.5	-0.05	Mortierella	Mortierella, Penicillium	424
0.5	-0.05	Mortierella	Mortierella, Phialocephala	425
0.5	-0.05	Mortierella	Mortierella, Russula	426
0.5	-0.05	Mortierella	Mortierella, Tomentella	427
0.5	-0.05	Mortierella	Mortierella, Trichoderma	428
0.5	-0.05	Mortierella	Mortierella, Umbelopsis	429
0.5	-0.05	Mortierella	Mortierella, Wilcoxina	430
0.5	-0.05	Mucor	Mucor, Ovicillium	455
0.5	-0.05	Mucor	Mucor, Penicillium	456
0.5	-0.05	Mucor	Mucor, Phialocephala	457
0.5	-0.05	Mucor	Mucor, Russula	458
0.5	-0.05	Mucor	Mucor, Tomentella	459
0.5	-0.05	Mucor	Mucor, Trichoderma	460
0.5	-0.05	Mucor	Mucor, Umbelopsis	461
0.5	-0.05	Mucor	Mucor, Wilcoxina	462
0.5	-0.05	Ovicillium	Ovicillium, Penicillium	486
0.5	-0.05	Ovicillium	Ovicillium, Phialocephala	487
0.5	-0.05	Ovicillium	Ovicillium, Russula	488
0.5	-0.05	Ovicillium	Ovicillium, Tomentella	489
0.5	-0.05	Ovicillium	Ovicillium, Trichoderma	490
0.5	-0.05	Ovicillium	Ovicillium, Umbelopsis	491
0.5	-0.05	Ovicillium	Ovicillium, Wilcoxina	492
0.5	-0.05	Penicillium	Penicillium, Phialocephala	536
0.5	-0.05	Penicillium	Penicillium, Russula	537
0.5	-0.05	Penicillium	Penicillium, Tomentella	538
0.5	-0.05	Penicillium	Penicillium, Trichoderma	539
0.5	-0.05	Penicillium	Penicillium, Umbelopsis	540
0.5	-0.05	Penicillium	Penicillium, Wilcoxina	541
0.5	-0.05	Phialocephala	Phialocephala, Russula	542
0.5	-0.05	Phialocephala	Phialocephala, Tomentella	543
0.5	-0.05	Phialocephala	Phialocephala, Trichoderma	544
0.5	-0.05	Phialocephala	Phialocephala, Umbelopsis	545
0.5	-0.05	Phialocephala	Phialocephala, Wilcoxina	546
0.5	-0.05	Russula	Russula, Tomentella	586
0.5	-0.05	Russula	Russula, Trichoderma	587
0.5	-0.05	Russula	Russula, Umbelopsis	588
0.5	-0.05	Russula	Russula, Wilcoxina	589
0.5	-0.05	Tomentella	Tomentella, Trichoderma	625
0.5	-0.05	Tomentella	Tomentella, Umbelopsis	626
0.5	-0.05	Tomentella	Tomentella, Wilcoxina	627
0.5	-0.05	Trichoderma	Trichoderma, Umbelopsis	628
0.5	-0.05	Trichoderma	Trichoderma, Wilcoxina	629
0.5	-0.05	Umbelopsis	Umbelopsis, Wilcoxina	630
